hour,task_type,duration,energy,distractions,noise,productivity
6,Browsing,112,4,4,3,38.9228511520083
21,Deep Work,21,3,0,4,52.5899730617175
20,Deep Work,77,1,2,4,30.7518484119845
15,Study,70,4,4,1,45.826739078862
13,Meeting,28,5,4,4,44.4945112182508
1,Meeting,153,3,3,4,26.0329152956364
13,Study,67,5,9,5,23.8170838034122
0,Deep Work,90,1,1,3,24.1660893055685
16,Browsing,52,4,6,5,32.868010318324
2,Browsing,123,3,6,2,19.5785631081705
9,Browsing,82,4,5,5,39.8058688320917
6,Study,105,4,3,4,47.4831519185547
10,Browsing,111,5,2,5,52.7211768152052
8,Study,122,4,4,1,39.7527813860003
19,Deep Work,81,3,1,1,46.6324768900488
16,Meeting,149,3,7,3,22.5791745740941
16,Study,57,5,5,5,37.9907446860385
2,Browsing,166,4,4,1,49.0274156542383
10,Browsing,170,5,4,1,57.9818697003222
15,Meeting,159,5,9,4,35.7621043112963
2,Browsing,118,3,3,5,21.3271490224947
15,Browsing,147,4,7,3,37.7920691810664
1,Deep Work,49,4,2,4,61.860144519022
2,Browsing,68,1,7,5,0.0
20,Browsing,86,3,6,3,19.77130610644
9,Meeting,36,5,4,1,64.8946217194298
3,Deep Work,39,4,3,2,61.9410130525205
22,Study,105,1,5,3,6.72483413006216
4,Deep Work,27,3,1,5,50.3979887446733
19,Meeting,66,2,3,3,27.1115688083203
22,Meeting,136,2,4,1,22.0324749116369
7,Deep Work,136,4,3,2,68.2240330300528
15,Study,105,4,4,5,41.8731702671466
22,Meeting,29,2,10,5,3.77967640895826
18,Study,120,4,4,5,40.2344507238703
18,Meeting,54,4,6,3,29.5438781890126
23,Browsing,40,2,5,5,17.4729994594085
11,Deep Work,32,3,2,1,55.9529699471207
21,Deep Work,38,3,4,1,45.3492847281615
19,Study,72,3,2,2,43.1417275463214
4,Study,94,4,2,2,56.7894039404999
8,Meeting,46,4,7,4,32.1602496867881
18,Deep Work,127,1,1,3,38.8501614027133
12,Deep Work,145,4,4,1,51.8638452822383
5,Deep Work,153,2,0,5,42.9954666291457
10,Browsing,166,5,6,4,46.4899914562272
9,Browsing,35,4,4,2,48.8815456324055
4,Deep Work,174,4,3,3,64.3808541960794
5,Meeting,134,4,4,1,53.3832931271481
21,Deep Work,165,1,4,1,32.769361870827
20,Browsing,74,3,8,3,21.5117414516582
12,Deep Work,23,5,2,2,64.3767895408106
1,Meeting,137,2,6,5,16.4641268214942
20,Meeting,85,3,6,4,24.247863646497
22,Meeting,70,3,4,5,31.2286639436162
1,Deep Work,145,1,0,1,41.3483627441501
22,Study,99,1,5,3,11.4383663746164
20,Deep Work,111,2,2,2,39.6161804548583
16,Meeting,64,3,5,4,25.6319512824801
0,Browsing,132,3,6,3,26.1781772992522
23,Study,26,3,4,1,38.3551841570901
22,Deep Work,47,1,0,1,32.592259981928
12,Browsing,44,5,5,3,52.2681713066766
9,Deep Work,120,5,3,1,62.4517535499405
20,Meeting,40,2,3,1,25.870035348728
22,Study,50,2,6,3,15.7488094527543
1,Study,155,4,7,5,28.5711841538358
10,Study,119,5,6,5,33.5756393051613
8,Deep Work,28,3,2,4,58.169240392012
11,Meeting,97,4,8,3,23.7907974164723
13,Meeting,81,5,6,1,48.3698823391607
16,Deep Work,72,4,0,3,67.8543259694348
6,Study,61,4,6,1,37.9235604304959
3,Meeting,85,4,4,5,39.6683105264347
7,Deep Work,176,5,4,5,53.3891733791118
19,Study,93,2,5,1,19.5986920640304
14,Browsing,79,3,5,1,34.0230510476245
21,Study,48,2,4,5,15.5230537853437
14,Deep Work,72,5,0,1,75.085996992935
2,Study,44,1,4,1,2.07682177608949
6,Browsing,107,5,3,1,55.5089198584232
19,Deep Work,167,2,3,3,34.1773217097515
23,Study,81,1,3,3,12.265705293798
14,Meeting,132,5,5,2,40.6330488379592
0,Study,74,3,2,3,34.1366642886326
7,Meeting,86,4,9,2,33.8914649105812
6,Meeting,26,4,8,4,30.3339127513243
19,Deep Work,56,4,1,4,48.1506115647957
21,Browsing,43,2,7,1,12.1201009585416
21,Meeting,23,3,5,2,36.7571268723236
11,Study,136,5,6,4,51.8524731763056
21,Study,70,2,7,5,7.8872926391443
23,Deep Work,55,1,3,1,29.7261338856467
1,Deep Work,92,3,3,3,43.3257386381194
17,Deep Work,127,2,2,3,42.6474125367238
16,Deep Work,36,3,1,3,54.1033604877533
7,Study,168,5,7,1,51.6512667297677
22,Meeting,105,1,8,3,5.26576426666451
11,Browsing,64,5,3,1,56.6062568916826
3,Deep Work,172,3,3,2,55.567869954111
22,Deep Work,160,3,0,4,51.1404331446412
16,Deep Work,81,5,4,5,56.1858071978017
0,Meeting,22,1,5,1,11.5013071169539
23,Browsing,159,2,9,3,0.0
12,Meeting,93,4,5,1,40.4943001636071
2,Browsing,141,1,7,4,1.88687695919773
13,Deep Work,117,2,1,3,36.608144064536
1,Browsing,28,3,3,3,33.9964352583135
4,Browsing,109,4,3,5,41.1943880396147
18,Meeting,86,4,12,5,8.34091928933652
10,Deep Work,77,5,0,3,73.5262331321079
20,Meeting,58,3,2,5,32.0333059383632
13,Study,132,3,1,5,37.7720363848084
2,Browsing,89,4,5,4,35.8182358303782
16,Browsing,169,3,1,2,52.2340302004348
17,Meeting,48,5,4,3,48.300628617683
10,Meeting,45,4,8,3,23.8753247490552
2,Deep Work,145,3,3,1,43.2652068563328
4,Study,20,4,7,1,32.3533390294886
16,Deep Work,72,3,1,5,41.0667924131747
11,Deep Work,43,4,2,1,65.5450187879425
11,Browsing,28,4,4,5,30.8461244894097
16,Browsing,40,3,6,3,22.5592015494986
23,Deep Work,164,2,0,4,37.4410275562432
19,Deep Work,179,4,0,5,60.4579286934688
19,Meeting,169,3,4,3,27.1061667606937
5,Deep Work,25,5,4,3,69.618420997203
6,Study,103,5,3,3,60.8611962337919
17,Meeting,31,2,6,3,13.5805708297283
11,Meeting,165,3,4,1,41.9922247641584
6,Browsing,68,4,5,1,46.2359796985137
18,Browsing,124,5,7,5,36.7055786856553
17,Browsing,40,2,5,5,16.979017667187
5,Deep Work,60,4,2,2,58.1469283395694
6,Meeting,164,4,4,5,37.565776114349
22,Study,50,2,6,4,7.58503887905715
10,Deep Work,68,5,2,5,66.1502082359553
19,Meeting,97,3,2,5,30.562282743302
20,Study,88,3,4,1,31.527183837931
17,Deep Work,58,4,2,5,39.5187231090315
19,Browsing,143,3,10,4,8.74643231327455
7,Deep Work,65,4,4,2,57.7587013669678
17,Browsing,82,3,11,3,12.6438120515174
0,Browsing,73,1,7,2,10.8221732299645
10,Study,129,5,7,5,42.4886856407472
14,Browsing,34,5,6,1,39.0714475876232
3,Study,70,2,5,2,19.5966246156661
3,Meeting,165,3,5,1,32.6680479795343
9,Deep Work,61,4,0,1,71.9810440422626
11,Browsing,125,5,8,4,49.2522738390813
17,Browsing,38,4,4,1,50.4613183018506
2,Browsing,138,2,4,5,18.7212501140869
1,Browsing,54,4,3,4,47.614660911047
13,Study,87,4,2,1,60.1419831156426
3,Study,92,2,3,5,17.4435068761973
11,Study,179,5,8,4,38.5427133801421
7,Meeting,63,5,4,4,53.4720315947268
7,Browsing,22,3,8,4,16.4179577515259
5,Browsing,161,3,4,3,29.9608845696572
19,Meeting,170,3,7,2,22.3474618853092
13,Meeting,86,3,2,2,44.9602117476826
2,Meeting,39,4,5,5,35.601128167171
19,Study,153,2,1,1,30.0384336698195
14,Browsing,31,4,4,5,40.432508219131
10,Meeting,149,4,3,3,47.0859523219128
17,Deep Work,178,3,0,3,51.945344218504
6,Browsing,163,4,7,4,27.3563415931279
2,Study,174,4,2,2,48.4167498536938
20,Meeting,98,4,5,5,38.9700853677056
12,Browsing,158,5,3,4,52.2073521348651
17,Browsing,176,5,8,4,36.9533816142406
7,Deep Work,47,5,3,5,67.0723956695367
18,Deep Work,179,3,0,1,59.2960900917163
22,Study,148,1,5,5,11.4940566242352
4,Meeting,115,3,5,2,27.4125740695945
2,Deep Work,55,4,2,2,62.7811500470033
9,Deep Work,159,3,4,2,43.6640820966904
14,Deep Work,165,3,2,4,39.5935116326157
19,Deep Work,51,2,4,2,33.9869916619549
20,Deep Work,168,1,0,3,35.1706877355664
21,Browsing,48,2,4,4,21.5702648379992
12,Meeting,116,2,7,1,17.3921469950932
11,Deep Work,22,5,1,3,68.8859401945722
1,Deep Work,131,3,0,2,63.2740532249587
21,Browsing,33,3,6,4,27.989013365247
19,Meeting,43,2,1,5,25.2114140886537
9,Meeting,23,4,5,4,31.0960896867483
3,Browsing,43,4,4,5,40.9626347460059
11,Meeting,77,5,4,2,57.4101722502196
19,Deep Work,66,2,2,4,45.2704628316709
10,Study,156,5,7,3,43.2433741916341
13,Meeting,88,4,4,2,46.0088564127928
2,Deep Work,43,4,1,4,62.89054593063
19,Browsing,55,2,6,4,9.23197693490151
23,Study,103,3,4,3,42.1665264930173
19,Browsing,162,2,7,1,21.6336049888576
18,Study,108,2,5,3,27.1466166830901
8,Study,105,5,5,2,55.7016081027044
1,Browsing,131,4,6,5,30.6954386694143
19,Meeting,146,3,1,4,43.0447644951949
13,Study,144,4,2,3,47.8404075267831
7,Browsing,116,5,3,5,48.6841756676426
18,Study,31,1,8,4,0.0
1,Study,99,2,5,3,16.98175768379
8,Browsing,158,5,7,3,43.0290527927122
4,Deep Work,150,5,1,5,68.1197763904486
2,Deep Work,28,3,2,4,52.5879876780397
11,Deep Work,150,4,1,2,68.2100974158146
0,Deep Work,53,2,3,5,20.851630661302
11,Study,113,4,4,1,46.6777229607931
19,Browsing,20,2,5,5,18.8876562040747
20,Meeting,161,2,5,3,20.5007779249786
1,Browsing,65,4,5,2,40.398094180232
5,Study,169,3,6,1,33.7529342691788
18,Study,161,3,2,1,40.5899053461848
23,Browsing,108,3,5,5,20.5704200202036
16,Browsing,177,2,6,1,17.5207079463159
8,Browsing,54,5,7,3,56.4376718284848
5,Browsing,176,5,4,2,59.5452702396579
22,Deep Work,20,1,1,5,19.2561853893836
11,Meeting,46,4,5,1,39.5378951006307
12,Deep Work,68,5,2,1,69.1123495324622
8,Browsing,56,5,4,3,49.1235514504861
10,Deep Work,146,4,3,4,45.4314280369358
15,Deep Work,64,4,0,5,62.0983276129903
14,Study,103,3,4,4,31.7140758120131
16,Deep Work,95,3,4,2,40.7499870958827
13,Meeting,70,4,4,2,47.7946930006097
16,Deep Work,31,3,1,5,37.5907547725118
16,Study,172,4,7,2,41.4366219507607
2,Study,175,4,2,3,50.2861493741384
21,Browsing,143,1,4,4,17.4101124680789
18,Deep Work,165,1,0,3,40.0665820459282
16,Deep Work,57,3,3,1,54.9834540882731
12,Meeting,88,3,4,3,32.4883792778014
14,Deep Work,49,4,2,4,55.7457373937946
17,Browsing,132,3,1,4,35.1104059366631
4,Deep Work,68,2,2,2,40.6166453719527
12,Study,104,3,5,2,26.674803868255
10,Browsing,36,4,8,3,35.3032146524308
20,Meeting,30,2,3,4,12.5105227934566
8,Meeting,31,3,7,1,27.144378615745
18,Meeting,101,5,5,1,47.1572784267169
16,Deep Work,115,3,1,5,41.6015464874882
22,Browsing,133,4,5,3,37.7929279478989
23,Meeting,76,2,2,5,22.2176418131583
8,Study,20,4,2,4,51.3507511915821
5,Study,118,5,2,3,61.9230015921835
5,Browsing,85,4,3,5,36.914556844659
23,Study,178,1,7,5,0.0
12,Deep Work,166,5,0,1,71.4558980044044
22,Study,51,4,4,4,33.5481775772858
20,Browsing,98,4,4,2,57.7983001945553
23,Meeting,146,1,4,5,8.07689490686053
11,Deep Work,83,4,1,3,59.4813698561166
1,Browsing,119,1,3,5,5.05463567098076
0,Browsing,139,2,4,4,22.0523792194722
14,Deep Work,113,4,2,4,47.2946534496867
8,Study,66,4,1,1,50.8308240828009
12,Meeting,160,5,6,1,46.8918641298204
23,Browsing,26,2,5,3,16.0625109251412
2,Deep Work,76,3,1,2,55.9486104637069
13,Deep Work,121,4,2,4,51.0282531269574
23,Deep Work,172,2,3,4,35.735595575876
11,Study,153,2,7,4,7.37433453241819
14,Study,179,4,4,1,47.2197659895425
1,Meeting,175,2,9,2,8.78648102638358
11,Study,125,3,9,1,16.3029710809974
13,Meeting,45,3,5,5,35.4476936084738
5,Meeting,81,3,3,5,37.8642423733826
7,Browsing,127,4,8,1,35.8554702565696
17,Study,74,2,8,3,16.5847941834335
6,Deep Work,103,5,1,2,74.7780667439283
3,Deep Work,175,4,1,2,56.6530239669219
22,Browsing,110,1,2,4,11.9095697519474
8,Meeting,174,4,4,3,45.0751509688615
16,Study,110,4,8,3,22.8011289344495
10,Deep Work,124,5,1,3,66.6752467418458
23,Study,168,4,8,4,28.521779687616
12,Deep Work,155,4,2,4,50.8689018062748
14,Study,148,5,8,5,34.1560203166108
4,Study,81,5,3,5,55.2888730349758
19,Study,147,4,6,3,40.1027770950318
14,Meeting,58,4,5,2,37.2443697153677
8,Deep Work,158,4,3,5,62.5019782134258
5,Deep Work,84,3,2,3,50.6940310587597
5,Deep Work,170,3,0,1,57.6606111396351
12,Meeting,25,3,5,2,33.2700690085838
14,Browsing,51,4,2,2,48.8987269925195
0,Meeting,151,3,6,3,40.6167780865954
18,Browsing,99,2,9,4,0.686121179784397
0,Deep Work,31,1,2,1,26.4910340104005
13,Deep Work,137,3,0,1,51.6097076044109
18,Meeting,142,3,7,5,16.2585635175469
23,Meeting,82,2,2,2,29.7567382421477
4,Browsing,81,2,3,3,26.1966540019874
9,Meeting,108,5,4,4,56.8239940487116
8,Meeting,167,5,2,3,64.7023052589517
5,Study,46,5,6,2,53.0683787027193
20,Study,78,3,5,4,28.7029460820024
6,Deep Work,156,4,2,1,61.6890449150034
9,Meeting,46,3,6,4,23.2953604286119
16,Study,140,5,3,4,58.1810091606586
14,Browsing,82,3,6,4,14.6127855738194
12,Browsing,150,5,5,1,56.406697515928
6,Deep Work,47,5,4,4,58.8146150455721
17,Meeting,82,3,1,5,28.1324783302519
10,Meeting,107,4,3,5,48.218160017344
16,Meeting,111,4,4,4,41.7002564728444
23,Meeting,42,3,6,1,25.6669019566793
9,Meeting,58,4,7,3,27.5397710027452
21,Deep Work,48,1,3,5,15.6715014132227
1,Deep Work,153,2,2,2,44.8162249369327
18,Meeting,141,2,4,3,20.5605349677935
21,Study,145,2,6,2,20.2251793205809
1,Study,160,3,3,5,35.6213506976891
6,Browsing,107,3,5,1,36.2556812091182
10,Deep Work,150,5,2,4,70.7923826380237
8,Browsing,75,4,8,5,27.9457959783396
13,Meeting,76,4,4,2,48.7034807191134
12,Deep Work,98,4,0,3,61.1431288927504
22,Meeting,151,4,2,3,46.585767269111
1,Meeting,68,4,2,4,39.0555422291346
7,Deep Work,77,5,2,5,67.9452834368775
18,Browsing,63,2,10,2,8.64415650906509
12,Study,73,5,8,3,31.1971070287919
22,Meeting,81,1,6,2,12.272626135333
13,Deep Work,174,2,4,4,33.0893740023228
4,Browsing,47,3,8,5,8.56383066126878
6,Browsing,96,4,3,4,44.5807797859138
11,Study,50,5,0,3,69.2092607187401
2,Study,162,2,4,4,14.2012277644893
15,Deep Work,54,4,1,3,63.4207955946647
2,Study,104,1,4,1,8.62481400829941
19,Browsing,106,3,7,3,12.4998674617418
17,Study,74,3,3,3,38.2619435812178
0,Browsing,90,1,5,1,14.8674663470086
22,Study,62,1,9,4,0.0
7,Study,169,4,6,3,36.8878565432001
14,Browsing,174,3,6,5,26.9800432969433
13,Browsing,143,4,3,4,44.5422505416575
1,Study,39,3,4,3,28.1449129081737
13,Browsing,155,3,6,2,33.4521717069955
22,Study,65,2,5,1,24.5055366959587
0,Study,76,2,6,5,16.9155881648827
16,Browsing,156,1,6,4,13.9356548533505
7,Deep Work,128,5,2,1,80.1297945768103
12,Browsing,139,4,6,1,35.8136878447515
5,Meeting,51,3,4,1,41.9756958991671
8,Study,103,3,0,2,41.5665953885827
17,Deep Work,39,2,2,2,36.960257763574
7,Meeting,128,4,3,4,45.8735063083267
15,Study,21,4,7,1,45.0589529565619
7,Study,135,4,9,4,35.1290354595562
0,Deep Work,155,2,2,3,35.2687048093697
6,Study,114,3,5,3,32.789609249618
21,Browsing,134,2,11,3,0.679059114457511
3,Meeting,32,4,4,1,53.3633533787549
9,Meeting,67,4,2,4,40.2265262868356
23,Study,161,3,1,2,42.4738151595936
8,Meeting,167,5,4,4,57.6050311357969
8,Deep Work,63,2,5,1,25.2320822829259
1,Meeting,150,2,5,2,11.5760682049186
13,Browsing,65,5,2,4,65.1108447469785
14,Study,110,5,3,3,59.0494466083055
4,Meeting,74,3,9,5,11.7582098679393
21,Browsing,141,2,2,1,35.786334667677
22,Meeting,59,2,4,3,22.9851341643865
12,Browsing,27,3,5,5,25.9866317530743
12,Deep Work,178,5,0,2,75.0659830436949
16,Study,45,3,6,4,26.0413582045101
22,Study,38,3,4,5,34.7290163368143
16,Study,126,3,5,3,31.6494657744188
15,Browsing,163,3,6,5,19.3533394377581
1,Browsing,90,4,7,5,36.14728901022
5,Browsing,141,3,5,2,29.6711215177286
19,Meeting,131,3,5,3,33.9535412685175
21,Deep Work,169,2,1,4,43.2777782951035
11,Study,33,4,5,1,44.8070865863655
1,Deep Work,131,4,4,3,50.6491163962801
19,Browsing,29,2,4,1,23.4636429470309
18,Meeting,109,2,3,2,22.9395753402821
14,Study,91,3,5,4,30.9003514869553
20,Browsing,88,3,7,4,18.4804026431286
18,Deep Work,125,2,3,2,32.2124735834222
21,Browsing,35,3,6,4,22.0605039565797
8,Study,166,5,3,5,52.7025404637101
19,Study,145,2,2,1,32.3512428910739
9,Study,154,5,9,5,29.486261116503
10,Browsing,148,5,5,2,63.1464132147562
9,Browsing,23,4,8,4,32.4736175732356
9,Browsing,96,5,3,2,63.5557793405629
10,Study,60,3,1,2,51.4678323476414
1,Browsing,39,4,8,5,25.5235732642749
9,Meeting,97,5,10,5,31.5560794897574
15,Study,168,5,2,5,62.6741594561361
22,Meeting,80,1,4,4,8.10996050490891
22,Browsing,142,3,1,4,37.3633990186257
18,Meeting,51,4,4,1,59.8298980721963
7,Study,148,3,8,1,22.5598056303896
16,Meeting,176,4,6,4,39.2859649949245
18,Meeting,38,4,1,4,56.1972285757656
19,Study,128,2,3,3,27.0822301905072
12,Browsing,156,4,4,3,37.47965855132
18,Browsing,153,2,8,2,6.60303771450322
5,Meeting,159,4,1,1,53.7865936159398
12,Deep Work,144,3,3,3,51.1500028635957
21,Deep Work,42,3,2,1,43.2012038991118
3,Meeting,97,3,4,1,32.3896600350218
18,Meeting,125,4,5,1,50.4075789642079
8,Meeting,157,4,3,4,34.4534517739609
1,Browsing,164,4,2,5,48.5416808054054
2,Browsing,171,3,4,3,38.9536624379577
14,Study,50,3,8,5,16.8627509590209
6,Deep Work,20,3,3,5,32.9059734557116
9,Deep Work,31,4,0,2,70.2214161404871
19,Study,136,3,6,2,21.2223525021186
23,Meeting,146,3,7,5,21.8684351500127
21,Browsing,61,3,3,3,32.4586982455243
18,Meeting,111,3,7,3,15.7570509874187
12,Browsing,106,4,2,2,50.0413963716671
8,Meeting,171,1,9,3,3.7575145172806
5,Study,44,3,2,1,36.9386332158149
18,Browsing,174,2,4,2,31.2509631531734
7,Meeting,43,3,2,2,32.0120041520228
1,Meeting,64,4,3,3,44.7595574633461
6,Deep Work,45,4,1,3,61.2559895094054
10,Study,170,4,4,5,42.1286318147359
2,Meeting,146,4,6,4,22.9159058032296
22,Study,104,1,7,1,6.07880980277248
20,Deep Work,122,5,2,2,77.9722119587459
6,Meeting,103,3,4,1,42.1321108226685
22,Browsing,120,1,4,3,14.8387853854303
13,Meeting,22,4,4,1,39.5039181827708
3,Deep Work,145,4,5,3,49.9240515124486
0,Meeting,99,2,5,2,17.2539219145553
9,Meeting,37,4,3,1,41.1845525091979
3,Deep Work,35,4,5,5,35.3563498862507
9,Deep Work,114,5,1,5,62.3924730198808
10,Study,61,5,6,5,47.7530377529653
22,Deep Work,108,2,0,5,35.4831952122615
1,Deep Work,32,5,2,3,62.7608897293615
21,Browsing,88,2,8,4,0.909700390155317
6,Meeting,68,4,4,5,34.356609665271
12,Study,174,3,4,3,36.4132403850656
18,Meeting,47,3,7,3,24.5618910523328
6,Deep Work,128,5,3,3,69.3615769001422
0,Study,106,3,8,3,18.3293177577007
19,Meeting,131,2,5,3,26.0339042789401
14,Meeting,55,4,8,4,22.8095574809185
13,Deep Work,112,1,3,3,29.7127261422673
21,Meeting,120,3,6,1,38.5158630495901
15,Meeting,149,4,4,3,44.7104496240018
8,Deep Work,85,5,1,1,78.3978784258032
17,Study,146,2,5,4,16.0924841893216
5,Meeting,53,3,7,2,22.7310375741795
1,Meeting,86,2,7,1,22.0282754653829
14,Browsing,61,4,2,1,49.2353958131634
21,Deep Work,132,3,1,5,40.3710311432287
21,Study,145,1,2,2,19.5696515360455
16,Meeting,161,4,4,2,46.2969520816392
0,Browsing,104,2,5,4,17.4253951598999
0,Browsing,93,2,10,1,8.00867178371225
4,Browsing,89,2,4,1,34.8049479261267
22,Study,173,1,9,5,0.0
2,Study,86,3,7,2,23.3451091319319
6,Meeting,177,3,2,2,45.9088069783074
18,Browsing,75,4,6,5,44.5230834013578
14,Deep Work,41,4,3,1,55.3068390317909
12,Browsing,129,4,1,1,53.6798111900279
23,Deep Work,87,2,3,4,41.2680863424614
4,Deep Work,101,4,0,4,61.2019208737589
17,Study,167,5,3,3,63.7984859616715
19,Meeting,173,3,8,2,21.4913998722347
2,Browsing,71,3,3,1,45.5645132695989
16,Deep Work,29,3,3,1,45.914324124488
13,Study,173,3,9,5,8.34667891019806
13,Browsing,145,3,1,2,42.2672073215416
9,Deep Work,106,5,2,3,62.0626729913078
13,Study,31,5,5,2,53.2131209461667
11,Browsing,142,3,5,3,34.1295899285963
4,Study,162,2,5,5,13.7420958461721
10,Meeting,91,5,4,2,55.2031637201257
8,Meeting,141,4,3,2,46.1182233179065
9,Deep Work,140,4,1,3,61.6203636285974
10,Study,146,4,4,4,32.5755605087805
9,Browsing,33,5,4,1,59.0544883695039
0,Meeting,57,2,2,1,29.2694449863071
18,Meeting,57,2,6,1,19.8439825553045
19,Browsing,67,2,8,1,11.4613844334842
20,Meeting,37,2,7,4,6.78814597136328
16,Study,32,2,7,2,19.9760561123869
15,Deep Work,173,2,3,4,34.4982384391867
1,Study,127,3,5,4,28.9665352500266
8,Browsing,34,4,4,4,44.2015956379242
2,Study,162,3,3,5,27.4763578219455
20,Browsing,170,2,4,2,25.9574418656525
4,Browsing,116,3,8,2,17.7038342895178
5,Browsing,52,4,4,5,31.7330441438792
18,Meeting,70,2,7,4,2.45345152354477
8,Study,47,4,3,3,35.5499491440852
13,Meeting,109,5,4,3,57.0001085754641
10,Meeting,143,5,10,5,19.2220453012844
23,Browsing,114,2,3,5,23.1007664699314
14,Deep Work,56,3,1,4,52.969092335719
19,Browsing,38,1,6,5,1.19684440237252
9,Meeting,121,5,5,1,48.1815497157408
4,Meeting,81,5,3,1,55.4197828186207
10,Deep Work,55,2,6,4,21.5206091399492
5,Meeting,44,2,3,5,24.0229617235125
2,Deep Work,59,3,1,4,43.1342172048361
11,Deep Work,117,4,2,2,62.1503284358765
18,Study,154,5,4,3,58.2232639076765
16,Deep Work,136,3,0,5,49.2624021769097
17,Meeting,76,2,4,1,27.930773440799
14,Browsing,171,4,5,3,28.5006338389047
6,Browsing,105,4,7,2,34.7124112349726
5,Study,156,3,8,4,20.7313680477883
5,Study,87,3,4,4,31.2150592850485
11,Study,165,4,3,3,52.5837114406088
22,Study,138,2,8,3,8.75412081028021
2,Deep Work,95,1,2,1,31.5538066672878
19,Meeting,88,2,7,1,17.1446343203077
7,Deep Work,87,3,3,2,49.4909307112807
19,Browsing,41,4,7,2,32.0545488873429
0,Deep Work,59,4,0,5,50.9964984111158
10,Meeting,90,5,3,5,44.6010100694026
1,Meeting,60,3,3,5,26.7512933392003
10,Meeting,144,5,4,5,40.5109327172978
16,Browsing,52,5,2,3,45.5382843603496
9,Study,142,5,2,4,59.2300309355727
1,Meeting,160,2,5,3,18.5964717389143
6,Meeting,66,3,7,3,15.8366435513017
6,Browsing,145,3,7,3,18.1789996428837
14,Meeting,142,3,5,2,32.7429755993049
11,Deep Work,88,4,3,5,56.6980647028672
16,Study,89,4,4,3,44.6525128708396
15,Deep Work,163,5,3,3,66.3229226801455
5,Meeting,81,5,4,3,50.6372763931909
21,Study,104,2,5,4,22.8947419961833
12,Meeting,56,4,2,5,40.8705773454925
0,Deep Work,92,2,3,2,39.4545767446332
6,Meeting,124,5,5,5,47.088403761197
1,Meeting,101,3,4,1,38.2495011470469
14,Study,65,3,3,2,40.4073469270467
2,Browsing,47,2,9,3,3.79705623625453
17,Meeting,122,3,5,4,33.2618354833038
19,Meeting,136,3,3,1,40.9015342120077
22,Deep Work,99,3,1,3,49.2291062223215
12,Browsing,120,5,5,5,38.6939407407384
16,Browsing,178,3,2,3,32.5615906173116
0,Study,122,2,5,5,11.3264687203694
16,Meeting,125,4,6,2,37.6035167123577
13,Deep Work,162,5,2,1,68.7406893298302
11,Study,94,3,2,2,48.5952030642091
19,Meeting,131,4,8,2,25.8540820109979
11,Deep Work,150,4,0,2,61.941594498377
2,Meeting,87,2,4,4,18.5079686403807
14,Meeting,115,5,6,3,45.9416982205559
12,Study,45,5,7,4,42.8127128506821
7,Browsing,65,3,6,1,34.3160948950871
18,Deep Work,94,2,0,2,48.0763628955663
18,Browsing,176,5,6,4,41.0666361284739
20,Deep Work,45,4,0,3,67.0758721909433
22,Deep Work,37,3,3,2,40.8983965502801
16,Meeting,65,5,3,2,60.3922957650591
6,Browsing,118,4,4,3,43.3430935520791
8,Study,71,5,6,1,49.2112650838425
18,Study,122,3,0,5,39.8991167414936
17,Browsing,96,3,7,2,25.0432508865445
8,Study,93,4,8,5,22.9612992991697
2,Meeting,109,3,3,4,37.0485913254392
3,Browsing,36,2,5,1,25.9626515365888
6,Meeting,134,4,3,5,41.5589957910169
19,Study,80,3,5,5,22.5576195994482
18,Browsing,67,2,8,2,12.1700404811407
19,Browsing,35,3,3,4,28.8674241437697
8,Browsing,147,5,4,2,54.5508267434727
23,Meeting,68,1,2,2,10.8522247678376
17,Deep Work,170,3,0,5,55.5281925502055
16,Study,76,2,6,2,11.2590124894235
8,Deep Work,179,5,2,4,64.4719469292309
3,Meeting,107,3,3,3,36.3213413582281
15,Browsing,31,5,4,1,49.9479915198828
1,Deep Work,111,2,2,5,37.6709039676756
5,Deep Work,45,4,2,3,62.8120820414153
9,Browsing,36,3,3,3,35.5723797989774
19,Meeting,129,4,4,5,32.7468833908609
2,Study,30,3,3,5,34.0986939235143
4,Study,48,2,1,4,29.3784747000254
21,Meeting,42,2,5,2,26.9220773066203
2,Deep Work,158,4,0,4,73.7182702640631
10,Study,44,5,3,2,61.7440654823581
22,Deep Work,88,2,2,2,31.576662113868
17,Deep Work,100,3,2,5,50.2853988424053
1,Meeting,162,1,2,1,24.1610834537962
13,Meeting,134,4,2,3,46.1267301609417
21,Meeting,43,3,3,2,34.6291091244801
10,Meeting,135,3,2,4,27.5638812503214
3,Deep Work,68,3,1,5,38.2930469683673
1,Study,146,4,2,4,44.0875492054357
9,Meeting,127,5,10,2,26.6948003533394
18,Meeting,28,3,4,3,39.0709364416554
7,Meeting,87,5,5,1,57.4733857121906
17,Study,21,4,13,4,11.5636375394226
0,Meeting,59,2,9,3,7.36440766485437
15,Browsing,58,5,6,4,43.5947701763912
21,Browsing,28,1,5,4,4.19238071392634
14,Meeting,155,3,1,3,28.977252370748
21,Browsing,58,1,5,4,6.17000814689718
5,Study,106,3,4,4,29.2923518133107
6,Browsing,74,3,8,2,29.4546841360086
14,Study,52,4,4,5,42.9432723968325
12,Study,141,4,2,3,52.5074826657136
12,Study,56,4,7,4,37.0391101731021
9,Deep Work,132,5,4,5,59.160031415744
8,Browsing,109,3,3,1,35.9582735302368
6,Meeting,25,4,2,5,45.4459183655936
17,Browsing,155,3,4,3,39.5069505357977
19,Deep Work,42,1,0,3,35.1074665356641
19,Study,97,4,6,1,51.623366529264
2,Study,132,4,4,3,36.3912444857205
16,Browsing,179,4,6,3,41.3059713813829
2,Meeting,83,4,6,4,33.937933902372
20,Deep Work,135,2,2,1,41.6518327334994
6,Meeting,43,4,8,5,29.3343617253789
1,Study,34,4,8,5,27.3228263126718
1,Deep Work,80,3,0,2,61.5372846533447
18,Browsing,89,3,3,4,24.226056289388
10,Deep Work,96,3,1,3,50.2557624241894
16,Study,129,3,3,4,27.3596872259615
20,Deep Work,137,1,1,4,19.7349075855121
16,Deep Work,65,4,1,3,62.1325267605764
18,Deep Work,85,3,2,1,53.0690439697053
4,Meeting,96,3,5,4,34.1941318972711
11,Deep Work,164,5,2,2,59.9465304520896
9,Meeting,126,4,2,1,54.9303951717018
5,Meeting,41,4,6,4,42.6966157012103
11,Meeting,30,5,6,5,38.0228102618151
8,Meeting,149,5,8,2,45.2721551355281
17,Browsing,124,3,3,3,31.6245621051975
0,Meeting,139,1,6,1,6.25460391674358
23,Meeting,55,1,7,2,8.62068279657248
10,Study,157,4,9,4,28.295271719567
8,Meeting,53,4,3,1,51.1729708432839
8,Browsing,169,4,1,5,45.3592707758671
15,Deep Work,134,5,0,5,62.8195424373247
0,Meeting,49,2,1,4,28.9567267303974
4,Browsing,96,4,6,1,41.0515152011099
22,Study,75,2,4,2,29.9665550296356
8,Meeting,112,5,5,4,60.6367985120474
15,Study,123,4,4,4,31.5029052745115
9,Study,124,2,2,5,31.1596208697037
15,Study,47,3,2,3,38.5705074611326
9,Browsing,118,5,5,1,53.8979122973158
10,Browsing,67,3,9,2,18.6606430915025
9,Browsing,20,5,4,3,51.2442385668828
10,Deep Work,62,4,2,2,53.5018116506879
14,Browsing,122,4,1,3,51.7467095552994
15,Meeting,172,4,3,1,52.6652714073299
3,Study,66,2,5,3,17.0133837372431
8,Browsing,115,5,1,2,62.3365288923646
22,Browsing,118,2,6,2,24.145251531738
17,Meeting,44,2,2,1,28.9139387667601
3,Deep Work,161,3,2,3,53.9199372159844
20,Study,129,2,5,4,11.3688089645696
3,Study,144,5,4,3,46.4594377087056
23,Study,132,1,6,1,8.65541902651099
16,Browsing,177,4,6,3,32.203735760857
20,Deep Work,82,3,4,1,34.2634167939329
12,Meeting,34,5,3,1,52.6215867000213
19,Meeting,107,3,6,4,24.3095405201499
14,Deep Work,169,3,3,1,51.4452706668518
10,Deep Work,152,4,2,4,62.1196590923425
19,Deep Work,150,4,0,1,71.9506310630941
12,Browsing,174,5,6,4,40.2541413669837
0,Browsing,147,2,8,3,13.902259535854
8,Meeting,69,4,2,1,55.1933856994015
7,Deep Work,152,4,1,1,55.5514767862354
1,Meeting,20,2,1,5,15.426830988736
23,Study,162,2,3,4,20.3345479899208
13,Study,136,3,8,5,16.0784111823581
23,Study,34,4,2,5,43.4267674324442
17,Study,57,3,5,3,19.1311747619211
14,Deep Work,71,3,1,5,52.1075094883429
22,Study,128,2,4,2,18.7587441814047
10,Meeting,90,5,2,3,62.2760098323195
12,Deep Work,50,3,1,4,50.8340702164272
1,Browsing,140,4,4,5,42.1311574498123
21,Meeting,98,2,8,3,16.5930896310973
5,Meeting,111,4,6,2,36.6541991484454
11,Browsing,176,4,8,1,26.8187306753594
17,Meeting,20,4,6,2,35.6662709471247
5,Meeting,102,3,5,1,29.3102072183749
3,Study,88,3,7,4,21.6999687131821
16,Meeting,37,3,6,1,30.5490796442102
14,Meeting,43,5,4,4,54.1301439585339
0,Study,69,3,9,5,16.1684276598652
14,Study,133,2,3,2,17.4833976148484
15,Meeting,100,3,4,1,34.5943725755595
4,Study,60,5,5,1,54.4010277052509
0,Browsing,150,2,4,1,19.8344934749257
16,Browsing,167,4,5,4,32.0524608757225
5,Browsing,144,4,4,4,41.7281105930465
14,Meeting,70,3,7,2,21.9168322007227
15,Study,23,4,7,5,22.6274044634631
10,Browsing,134,5,1,5,60.9073044792888
3,Study,141,4,5,5,30.851371618661
8,Deep Work,163,4,1,5,66.6562654732595
16,Study,177,5,2,2,51.471820249188
22,Meeting,50,2,4,3,13.6276526977337
15,Study,100,4,3,5,44.3301728669493
10,Browsing,78,5,6,5,36.0172103569165
16,Browsing,179,2,5,3,22.1380560629622
9,Study,42,4,2,3,39.0303944340401
2,Deep Work,48,3,6,5,32.8006651827259
10,Study,45,3,7,1,24.76400303465
13,Browsing,163,5,6,1,50.8339072220124
12,Browsing,157,4,1,4,43.3723300201397
1,Deep Work,175,3,6,5,29.8498099728618
22,Meeting,165,3,8,1,17.3945015964278
3,Study,73,3,6,2,32.9566359629538
11,Deep Work,92,4,3,3,52.3195910243957
1,Deep Work,171,2,1,1,50.7636619562616
14,Meeting,179,3,9,1,20.9545541660828
5,Browsing,113,3,7,2,26.1452486912605
23,Meeting,118,1,5,2,17.2935472909913
18,Browsing,33,2,7,1,22.2959685756177
8,Study,36,2,5,2,19.8976787805286
16,Meeting,84,4,5,1,36.8843059279528
6,Meeting,82,3,4,5,27.83422333475
11,Deep Work,22,4,5,1,62.7830498129285
23,Meeting,65,2,2,1,30.5425528937332
12,Browsing,60,2,4,2,21.8758432623718
23,Meeting,142,3,4,5,32.0865310186916
4,Deep Work,49,2,3,5,26.6947516391721
12,Study,129,5,4,4,50.1087609200798
2,Study,112,1,5,3,8.97051450334945
3,Study,162,3,5,4,21.6664168681906
6,Browsing,102,5,3,4,54.6010828897441
13,Meeting,93,4,2,5,43.7983304489297
1,Browsing,57,3,4,2,29.6440348499618
1,Browsing,114,3,3,5,32.1399558185453
23,Meeting,139,1,2,4,15.6370739479885
8,Browsing,57,5,5,3,44.815098227802
6,Deep Work,51,4,2,1,64.1866189121465
15,Deep Work,120,4,2,1,62.1086474549486
11,Browsing,59,4,8,4,20.0647567298469
5,Meeting,76,3,1,1,40.6463611417812
9,Deep Work,95,4,2,3,49.7363042842069
17,Deep Work,75,4,2,2,51.0312914646579
16,Meeting,90,3,5,2,39.5555364583852
3,Meeting,20,3,4,5,34.1927899807782
18,Meeting,163,3,5,1,28.800810646098
10,Study,141,3,5,3,36.1983449005693
6,Deep Work,59,4,3,4,57.8695255999661
5,Meeting,45,5,4,5,38.6925777472225
15,Meeting,131,3,6,3,29.982703438281
9,Deep Work,70,5,1,5,70.807096462021
23,Browsing,172,2,8,4,13.2384203055419
21,Browsing,138,2,5,5,17.4889415470888
5,Study,43,5,4,2,47.2739516459569
22,Study,176,1,8,4,0.0
23,Browsing,87,3,2,3,38.7694555574071
10,Study,144,3,1,5,28.1714490652498
2,Study,174,3,8,1,16.7194395176051
1,Meeting,150,2,4,2,16.7950918273754
23,Deep Work,42,3,2,1,48.5429389786179
13,Browsing,160,4,5,3,26.7423180279556
19,Meeting,48,4,1,5,45.4753071694305
7,Study,89,4,8,1,30.9965696926122
17,Meeting,34,3,5,1,30.7619142195629
11,Study,96,4,4,4,46.1769194706094
14,Study,40,2,7,2,13.8236304501378
14,Meeting,34,5,7,5,35.9167343901326
15,Browsing,25,3,5,4,22.9378515444792
13,Deep Work,91,4,1,2,65.5456939656593
13,Meeting,35,2,8,5,4.94351191480787
3,Study,117,4,4,1,52.6848453677798
21,Study,157,2,3,3,29.9933505838043
23,Study,82,1,5,2,7.61264412261136
3,Meeting,129,3,3,3,29.9173781890869
2,Deep Work,84,3,2,1,54.6391967495779
7,Deep Work,70,3,0,5,53.6061327187436
20,Meeting,75,3,3,1,40.3040276033214
17,Deep Work,137,4,2,3,52.1022947070963
2,Deep Work,37,3,4,4,35.413168354239
6,Browsing,99,4,6,2,36.4265458560595
6,Deep Work,54,3,4,5,35.6124232887822
6,Deep Work,112,4,2,2,55.1490938510176
2,Deep Work,133,4,2,5,58.3403262120573
4,Study,54,2,6,2,26.9329851196334
11,Browsing,178,3,4,2,41.1231386603862
8,Browsing,93,1,2,1,23.6967790637811
6,Browsing,38,5,2,5,45.2981608719275
11,Study,104,5,5,5,47.3002116193023
11,Deep Work,63,5,6,1,63.2739839932549
11,Study,110,5,6,5,31.8383953783396
13,Deep Work,128,2,1,1,51.5032804310537
17,Deep Work,76,2,0,2,47.3398567191256
20,Deep Work,50,3,4,1,45.6414960241292
20,Deep Work,78,3,0,4,49.9552905537936
15,Meeting,151,3,4,1,43.7249239769118
14,Meeting,118,2,4,3,20.6022218101421
22,Browsing,178,3,4,3,31.9600939782414
18,Browsing,134,4,9,5,27.8125144290005
20,Meeting,57,1,9,4,0.0
14,Meeting,142,3,1,1,49.3245416379123
12,Study,30,1,4,3,11.5274302981611
20,Deep Work,124,1,3,1,30.4927664052882
15,Meeting,154,4,9,3,30.9699525475053
20,Meeting,72,3,1,1,31.4622807230941
11,Meeting,35,3,6,5,20.9252258096052
8,Browsing,34,4,2,2,49.8679873933414
11,Browsing,135,4,5,1,43.336017263551
8,Study,70,3,3,5,26.1681045310396
21,Browsing,144,3,2,5,33.2392978330161
17,Study,167,2,6,5,9.81742056811866
20,Browsing,44,4,6,5,33.4237729669278
5,Meeting,107,2,4,5,26.3054695594835
12,Study,145,4,6,4,34.7894529955724
10,Study,154,4,4,2,39.8544514328226
13,Study,168,3,3,3,29.0297892926988
8,Browsing,68,4,6,5,33.5107715840943
12,Study,94,2,6,3,18.0680812878584
8,Browsing,93,4,6,5,36.9647856522648
0,Browsing,126,3,7,5,19.1984269087387
0,Meeting,147,3,7,5,19.3992547260317
15,Study,20,3,4,5,31.4758262416507
3,Browsing,135,3,3,4,30.979942846826
18,Browsing,29,3,3,3,35.1499479773876
6,Study,50,4,2,5,40.246351964972
10,Study,162,5,5,1,48.4740754642544
11,Meeting,175,5,8,5,38.1856338986552
12,Study,98,3,7,4,24.3044858555978
4,Browsing,108,4,9,2,33.7423334013634
7,Browsing,39,4,2,5,43.7786334007767
14,Browsing,54,2,3,3,15.4597602971521
4,Study,102,2,5,1,25.2491360686325
21,Browsing,66,2,3,5,20.0641538287126
12,Deep Work,65,5,2,5,64.4157832635699
15,Meeting,24,4,5,5,31.3804590542286
9,Study,72,4,5,4,33.0749502014868
14,Meeting,20,4,5,5,31.9832359505248
8,Browsing,53,4,7,3,31.4110489304384
6,Deep Work,43,5,1,1,68.3419094189428
20,Browsing,95,3,5,4,32.6238394561883
1,Browsing,119,3,4,1,36.6173615725427
8,Browsing,65,3,8,5,17.1758521848929
22,Meeting,96,2,9,4,4.08562249411194
23,Meeting,153,1,5,1,18.6141274694263
8,Browsing,97,4,3,2,50.4701820273836
18,Browsing,142,3,3,2,40.8197430784746
7,Meeting,114,5,6,1,53.2991414886557
22,Meeting,79,2,3,4,18.3599067099052
7,Browsing,27,2,9,5,0.0
22,Browsing,117,1,7,2,8.84782571890503
20,Deep Work,108,3,2,1,60.6464483786198
3,Deep Work,34,3,2,5,42.9711650316141
6,Browsing,175,5,9,5,29.0012559403067
3,Study,175,3,6,1,20.5693564802448
14,Meeting,89,2,5,1,17.8649220588586
0,Deep Work,174,3,2,3,54.6764316534969
18,Browsing,106,2,5,4,17.3954185236446
21,Study,28,2,6,2,15.91561391471
1,Browsing,28,3,5,1,31.0815787246186
20,Meeting,115,2,7,5,5.52911632057324
11,Study,28,4,6,1,43.3185121796883
12,Study,121,2,5,5,13.1869858316015
23,Browsing,143,2,6,4,10.0924776836302
2,Study,61,2,7,1,11.5146508060267
15,Browsing,81,5,9,4,29.2223264305856
16,Deep Work,87,3,2,2,58.3676342085879
22,Meeting,67,4,6,1,38.1111755623876
4,Deep Work,21,5,1,1,85.2995895420723
3,Deep Work,94,2,1,2,46.0709927571217
8,Meeting,165,4,4,5,40.5445471881534
20,Browsing,154,2,6,3,15.698069538523
0,Deep Work,178,2,3,1,36.9366023952571
12,Deep Work,108,4,3,4,59.3461645346011
19,Browsing,86,1,5,3,9.84933530197934
21,Study,88,4,0,3,55.2966319264555
10,Browsing,43,3,7,3,21.4648975119362
5,Browsing,159,3,3,3,33.2689388424893
7,Meeting,39,4,9,1,26.2628547746966
7,Browsing,143,5,6,5,43.8671658638039
14,Study,22,3,8,5,13.3653749692167
23,Deep Work,151,2,0,5,30.9536614270587
3,Meeting,120,3,8,5,17.22478546586
15,Study,88,4,5,5,36.5070353489055
1,Browsing,41,2,5,1,17.9104425476142
7,Study,46,5,6,1,43.0051245565839
10,Study,48,4,7,3,28.1963536809616
15,Study,119,3,5,5,28.8332685530965
8,Browsing,127,5,4,4,46.1347640661157
18,Meeting,130,2,6,4,17.6358360749178
10,Study,129,4,5,1,43.6386727647215
23,Meeting,122,1,2,4,0.844030837549555
16,Study,157,3,3,1,38.403395476668
9,Study,48,5,3,2,60.9054992146575
16,Deep Work,177,4,0,5,70.2822566532799
17,Browsing,76,4,4,4,32.0466939883957
12,Study,63,3,4,4,24.2415944548282
9,Deep Work,50,5,2,1,76.1893520883389
3,Browsing,109,1,9,3,0.0
23,Browsing,29,4,6,3,36.2691577593372
6,Meeting,168,3,5,1,34.1374044041283
5,Study,120,3,5,4,23.0376482082105
9,Deep Work,66,4,0,4,64.2561300806804
12,Browsing,63,4,5,3,41.9451208496285
18,Browsing,138,2,3,4,25.1952914566015
7,Study,66,3,5,2,37.3220793092593
20,Meeting,98,3,3,2,42.8380903997991
3,Browsing,34,2,1,2,31.9320337889747
17,Study,49,3,4,4,21.3946123951976
21,Browsing,59,2,5,2,30.8740039982667
23,Study,160,2,5,4,21.4508777136023
6,Meeting,27,3,8,3,24.0899077222693
15,Deep Work,32,5,2,4,55.8255225827524
12,Browsing,38,5,8,2,46.3310737907863
1,Browsing,170,4,5,2,35.5999869580893
14,Deep Work,43,4,1,2,63.4559818468571
5,Deep Work,92,3,0,1,53.5607214626139
13,Meeting,63,5,5,2,46.154744742312
14,Browsing,177,3,4,3,44.6313209006248
17,Browsing,150,3,5,1,29.1892909628171
7,Study,154,5,3,1,54.378839923404
13,Meeting,171,3,5,4,28.1712202101963
6,Browsing,44,5,6,4,47.795163384336
3,Browsing,94,3,4,3,40.2637447790844
7,Meeting,87,5,10,4,17.7404607960866
18,Meeting,81,4,8,2,32.6689453143255
16,Study,53,3,8,5,9.82148488975295
17,Browsing,124,3,2,5,34.0089743643905
8,Meeting,103,5,5,1,53.6474682644804
3,Deep Work,154,2,4,4,30.4347985101858
2,Meeting,23,4,9,4,18.4462996987587
0,Deep Work,125,3,1,3,48.5133156331209
14,Meeting,125,3,7,5,20.7405340735735
13,Meeting,146,3,5,5,22.7489905416707
7,Study,96,5,4,1,52.1817267328783
10,Deep Work,107,2,3,5,38.4741144994616
19,Study,82,1,10,3,0.0
11,Deep Work,141,4,1,4,62.7229319923656
23,Study,36,2,4,2,21.3443953083553
15,Browsing,132,5,7,2,52.3260525174069
22,Browsing,49,1,5,4,8.03781660168502
14,Browsing,72,5,11,2,27.5670271948051
1,Browsing,47,4,3,3,47.5953476968611
1,Study,124,1,10,1,0.0
2,Meeting,164,4,6,4,33.3970640576326
17,Deep Work,33,4,1,1,64.1455979426694
10,Meeting,151,4,3,5,53.6811565476379
20,Meeting,113,4,2,3,51.0246167932509
15,Deep Work,160,4,1,1,68.8379503847498
1,Deep Work,45,3,2,5,42.5014720323607
16,Browsing,84,4,3,4,35.5769760404017
18,Browsing,140,3,7,1,33.80084065414
17,Browsing,72,5,8,4,42.1580772993579
21,Study,46,1,2,1,24.551050741232
17,Browsing,134,3,6,1,26.0993367286465
16,Browsing,100,5,5,3,52.5376150683305
2,Meeting,52,5,2,2,52.1283537288354
6,Deep Work,37,4,1,2,63.9282916138225
0,Browsing,58,2,3,4,32.7499779020865
3,Deep Work,177,4,0,2,70.7527386599675
12,Meeting,155,4,8,4,31.5736586375884
23,Browsing,47,1,8,4,0.0
14,Deep Work,85,1,1,1,34.3150521115302
12,Meeting,113,4,7,3,40.5097648259429
14,Browsing,83,3,2,4,35.0837737839535
15,Deep Work,62,2,2,3,41.8525050919605
9,Browsing,91,4,3,2,49.3322229842013
12,Meeting,176,3,5,5,29.9784687718518
1,Deep Work,132,2,1,5,39.8325596472059
7,Study,142,4,3,4,42.7503950127326
9,Deep Work,63,5,1,2,68.5257062525515
4,Study,32,4,6,1,38.9135612826155
3,Deep Work,90,5,1,4,69.6235507582302
4,Deep Work,159,1,2,3,23.44678739956
19,Deep Work,168,2,3,5,21.3396742074002
0,Deep Work,91,2,1,3,40.201257510042
5,Study,96,2,7,2,19.9136347995571
1,Deep Work,97,1,2,3,24.5639873807576
23,Meeting,127,3,4,1,34.280483101169
14,Browsing,168,5,2,4,48.4331796747911
14,Deep Work,69,3,6,2,30.0864636836389
15,Browsing,74,4,6,3,32.1086107612985
6,Study,97,5,8,2,39.8171697428516
3,Meeting,134,4,5,5,38.271869796968
20,Browsing,24,4,7,4,30.9359513850032
23,Study,94,1,6,4,0.443466600005614
3,Deep Work,149,2,2,3,36.162749654019
3,Meeting,113,2,11,2,0.0
10,Browsing,163,5,3,1,62.1733097192196
23,Meeting,44,3,3,1,37.1972860396624
12,Deep Work,161,5,2,3,68.9896377454948
1,Meeting,69,4,8,5,27.9314360411629
22,Study,88,1,1,4,24.2890050377095
15,Deep Work,22,2,2,3,39.8902313021394
